brands,links
Apple Mobile Phones,https://www.gadgets360.com/mobiles/apple-phones
Asus Mobile Phones,https://www.gadgets360.com/mobiles/asus-phones
CMF by Nothing Mobile Phones,https://www.gadgets360.com/mobiles/cmf-by-nothing-phones
Google Mobile Phones,https://www.gadgets360.com/mobiles/google-phones
Infinix Mobile Phones,https://www.gadgets360.com/mobiles/infinix-phones
Lava Mobile Phones,https://www.gadgets360.com/mobiles/lava-phones
Motorola Mobile Phones,https://www.gadgets360.com/mobiles/motorola-phones
Nothing Mobile Phones,https://www.gadgets360.com/mobiles/nothing-phones
OnePlus Mobile Phones,https://www.gadgets360.com/mobiles/oneplus-phones
Oppo Mobile Phones,https://www.gadgets360.com/mobiles/oppo-phones
Poco Mobile Phones,https://www.gadgets360.com/mobiles/poco-phones
Realme Mobile Phones,https://www.gadgets360.com/mobiles/realme-phones
Redmi Mobile Phones,https://www.gadgets360.com/mobiles/redmi-phones
Samsung Mobile Phones,https://www.gadgets360.com/mobiles/samsung-phones
Vivo Mobile Phones,https://www.gadgets360.com/mobiles/vivo-phones
Xiaomi Mobile Phones,https://www.gadgets360.com/mobiles/xiaomi-phones
iQOO Mobile Phones,https://www.gadgets360.com/mobiles/iqoo-phones
