mobiles,links
iPhone 16 Pro,https://www.gadgets360.com/iphone-16-pro-price-in-india-128237
iPhone 16 Pro Max,https://www.gadgets360.com/apple-iphone-16-pro-max-price-in-india-128236
iPhone 16 Plus,https://www.gadgets360.com/apple-iphone-16-plus-price-in-india-128235
iPhone 16,https://www.gadgets360.com/iphone-16-price-in-india-128234
Apple iPhone 15 Pro Max,https://www.gadgets360.com/apple-iphone-15-pro-max-price-in-india-115762
Apple iPhone 15 Pro,https://www.gadgets360.com/apple-iphone-15-pro-price-in-india-115761
Apple iPhone 15 Plus,https://www.gadgets360.com/apple-iphone-15-plus-price-in-india-115760
iPhone 15,https://www.gadgets360.com/apple-iphone-15-price-in-india-115759
iPhone 14,https://www.gadgets360.com/iphone-14-price-in-india-110686
iPhone 14 Plus,https://www.gadgets360.com/iphone-14-plus-price-in-india-110685
iPhone 14 Pro,https://www.gadgets360.com/iphone-14-pro-price-in-india-110683
iPhone 14 Pro Max,https://www.gadgets360.com/iphone-14-pro-max-price-in-india-110682
Apple iPhone SE (2022),https://www.gadgets360.com/apple-iphone-se-2022-price-in-india-100987
iPhone 13 Pro Max,https://www.gadgets360.com/iphone-13-pro-max-price-in-india-104063
iPhone 13 Pro,https://www.gadgets360.com/iphone-13-pro-price-in-india-104062
iPhone 13 mini,https://www.gadgets360.com/iphone-13-mini-price-in-india-104061
iPhone 13,https://www.gadgets360.com/iphone-13-price-in-india-104055
iPhone 12 Pro,https://www.gadgets360.com/iphone-12-pro-price-in-india-97687
iPhone 12 Pro Max,https://www.gadgets360.com/iphone-12-pro-max-price-in-india-97686
iPhone 12 mini,https://www.gadgets360.com/iphone-12-mini-price-in-india-97685
iPhone 12,https://www.gadgets360.com/iphone-12-price-in-india-97670
iPhone SE (2020),https://www.gadgets360.com/apple-iphone-se-2020-price-in-india-91195
iPhone 11 Pro,https://www.gadgets360.com/apple-iphone-11-pro-price-in-india-91112
iPhone 11 Pro Max,https://www.gadgets360.com/apple-iphone-11-pro-max-price-in-india-91111
iPhone 11,https://www.gadgets360.com/apple-iphone-11-price-in-india-91110
Apple iPhone XR,https://www.gadgets360.com/apple-iphone-xr-5647
Apple iPhone XS Max,https://www.gadgets360.com/apple-iphone-xs-max-5646
Apple iPhone XS,https://www.gadgets360.com/apple-iphone-xs-5645
Apple iPhone 8,https://www.gadgets360.com/apple-iphone-8-4260
Apple iPhone 8 Plus,https://www.gadgets360.com/apple-iphone-8-plus-4259
Apple iPhone X,https://www.gadgets360.com/apple-iphone-x-4258
Apple iPhone 7 Plus,https://www.gadgets360.com/apple-iphone-7-plus-3767
Apple iPhone 7,https://www.gadgets360.com/apple-iphone-7-3766
Apple iPhone SE,https://www.gadgets360.com/apple-iphone-se-3393
Apple iPhone 6s Plus,https://www.gadgets360.com/apple-iphone-6s-plus-2955
Apple iPhone 6s,https://www.gadgets360.com/apple-iphone-6s-2952
Apple iPhone 6 Plus,https://www.gadgets360.com/apple-iphone-6-plus-1974
Apple iPhone 6,https://www.gadgets360.com/apple-iphone-6-1973
Apple iPhone 5s,https://www.gadgets360.com/apple-iphone-5s-1028
Apple iPhone 5c,https://www.gadgets360.com/apple-iphone-5c-1027
Apple iPhone 5,https://www.gadgets360.com/apple-iphone-5-771
Apple iPhone 4S,https://www.gadgets360.com/apple-iphone-4s-768
Apple iPhone 4,https://www.gadgets360.com/apple-iphone-4-765
Apple iPhone 3GS,https://www.gadgets360.com/apple-iphone-3gs-763
Apple iPhone 3G,https://www.gadgets360.com/apple-iphone-3g-762
Apple iPhone,https://www.gadgets360.com/apple-iphone-761
Asus ROG Phone 9,https://www.gadgets360.com/asus-rog-phone-9-price-in-india-129355
Asus ROG Phone 9 Pro,https://www.gadgets360.com/asus-rog-phone-9-pro-price-in-india-129354
Asus Zenfone 11 Ultra,https://www.gadgets360.com/asus-zenfone-11-ultra-price-in-india-124815
Asus ROG Phone 8,https://www.gadgets360.com/asus-rog-phone-8-price-in-india-123512
Asus ROG Phone 8 Pro,https://www.gadgets360.com/asus-rog-phone-8-pro-price-in-india-123511
Asus ROG Phone 7 Ultimate,https://www.gadgets360.com/asus-asus-rog-phone-7-ultimate-price-in-india-116929
Asus ROG Phone 7,https://www.gadgets360.com/asus-rog-phone-7-price-in-india-116927
Asus ROG Phone 6 Diablo Immortal Edition,https://www.gadgets360.com/asus-rog-phone-6-diablo-immortal-edition-price-in-india-114359
Asus ROG Phone 6 Batman Edition,https://www.gadgets360.com/asus-rog-phone-6-batman-edition-price-in-india-113192
Asus ROG Phone 6D Ultimate,https://www.gadgets360.com/asus-rog-phone-6d-ultimate-price-in-india-113191
Asus ROG Phone 6D,https://www.gadgets360.com/asus-rog-phone-6d-price-in-india-113190
Asus ZenFone 9,https://www.gadgets360.com/asus-zenfone-9-price-in-india-111636
Asus ROG Phone 6 Pro,https://www.gadgets360.com/asus-rog-phone-6-pro-price-in-india-110876
Asus ROG Phone 6,https://www.gadgets360.com/asus-rog-phone-6-price-in-india-110469
Asus Zenfone 10,https://www.gadgets360.com/asus-zenfone-10-price-in-india-118461
Asus 8z,https://www.gadgets360.com/asus-8z-price-in-india-106301
Asus ROG Phone 5s Pro,https://www.gadgets360.com/asus-rog-phone-5s-pro-price-in-india-103942
Asus ROG Phone 5s,https://www.gadgets360.com/asus-rog-phone-5s-price-in-india-103892
Smartphone for Snapdragon Insiders,https://www.gadgets360.com/smartphone-for-snapdragon-insiders-price-in-india-103236
Asus ZenFone 8,https://www.gadgets360.com/asus-zenfone-8-price-in-india-102361
Asus ZenFone 8 Flip,https://www.gadgets360.com/asus-zenfone-8-flip-price-in-india-102258
Asus ROG Phone 5 Ultimate,https://www.gadgets360.com/asus-rog-phone-5-ultimate-price-in-india-100542
Asus ROG Phone 5 Pro,https://www.gadgets360.com/asus-rog-phone-5-pro-price-in-india-100541
Asus ROG Phone 5,https://www.gadgets360.com/asus-rog-phone-5-price-in-india-100435
Asus ZenFone 7 Pro,https://www.gadgets360.com/asus-zenfone-7-pro-price-in-india-96803
Asus ZenFone 7,https://www.gadgets360.com/asus-zenfone-7-price-in-india-96603
Asus ROG Phone 3,https://www.gadgets360.com/asus-rog-phone-3-price-in-india-96155
Asus 6Z,https://www.gadgets360.com/asus-6z-price-in-india-13116
Asus ZenFone 6 (2019),https://www.gadgets360.com/asus-zenfone-6-2019-13030
Asus ZenFone Live L2,https://www.gadgets360.com/asus-zenfone-live-l2-13035
Asus ROG Phone 2,https://www.gadgets360.com/asus-rog-phone-2-price-in-india-13197
Asus ZenFone 6 Edition 30,https://www.gadgets360.com/asus-zenfone-6-edition-30-price-in-india-13089
Asus ZenFone Max Plus M2,https://www.gadgets360.com/asus-zenfone-max-plus-m2-12309
Asus ZenFone Max Shot,https://www.gadgets360.com/asus-zenfone-max-shot-12308
Asus ZenFone Max M2,https://www.gadgets360.com/asus-zenfone-max-m2-5750
Asus ZenFone Max Pro M2,https://www.gadgets360.com/asus-zenfone-max-pro-m2-5749
Asus ZenFone Lite L1 (ZA551KL),https://www.gadgets360.com/asus-zenfone-lite-l1-za551kl-5695
Asus ZenFone Max M1 (ZB556KL),https://www.gadgets360.com/asus-zenfone-max-m1-zb556kl-5694
Asus ZenFone Max Pro M1 (6GB),https://www.gadgets360.com/asus-zenfone-max-pro-m1-6gb-5587
Asus ZenFone Ares,https://www.gadgets360.com/asus-zenfone-ares-5515
Asus ROG Phone,https://www.gadgets360.com/asus-rog-phone-5496
Asus ZenFone Live L1,https://www.gadgets360.com/asus-zenfone-live-l1-5442
Asus ZenFone Max Pro M1,https://www.gadgets360.com/asus-zenfone-max-pro-m1-4724
Asus ZenFone Max (M1) (ZB555KL),https://www.gadgets360.com/asus-zenfone-max-m1-zb555kl-4648
Asus ZenFone 5 Lite,https://www.gadgets360.com/asus-zenfone-5-lite-4647
Asus ZenFone 5 (ZE620KL),https://www.gadgets360.com/asus-zenfone-5-ze620kl-4646
Asus ZenFone 5Z (ZS620KL),https://www.gadgets360.com/asus-zenfone-5z-4645
Asus ZenFone Max Plus (M1),https://www.gadgets360.com/asus-zenfone-max-plus-m1-4535
CMF by Nothing Phone 1,https://www.gadgets360.com/cmf-by-nothing-phone-1-price-in-india-126871
Google Pixel 9 Pro Fold,https://www.gadgets360.com/google-pixel-9-pro-fold-price-in-india-127634
Google Pixel 9 Pro XL,https://www.gadgets360.com/google-pixel-9-pro-xl-price-in-india-127630
Google Pixel 9 Pro,https://www.gadgets360.com/google-pixel-9-pro-price-in-india-127629
Google Pixel 9,https://www.gadgets360.com/google-pixel-9-price-in-india-127628
Google Pixel 8a,https://www.gadgets360.com/google-pixel-8a-price-in-india-124161
Google Pixel 8 Pro,https://www.gadgets360.com/google-pixel-8-pro-price-in-india-120544
Google Pixel 8,https://www.gadgets360.com/google-pixel-8-price-in-india-120540
Google Pixel Fold,https://www.gadgets360.com/google-pixel-tablet-price-in-india-117465
Google Pixel 7a,https://www.gadgets360.com/google-pixel-7a-price-in-india-117270
Google Pixel 7 Pro,https://www.gadgets360.com/google-pixel-7-pro-price-in-india-113430
Google Pixel 7,https://www.gadgets360.com/google-pixel-7-price-in-india-110693
Google Pixel 6a,https://www.gadgets360.com/google-pixel-6a-price-in-india-104571
Google Pixel 6 Pro,https://www.gadgets360.com/google-pixel-6-pro-price-in-india-102544
Google Pixel 6,https://www.gadgets360.com/google-pixel-6-price-in-india-102543
Google Pixel 5a 5G,https://www.gadgets360.com/google-pixel-5a-price-in-india-103883
Google Pixel 4a 5G,https://www.gadgets360.com/google-pixel-4a-5g-price-in-india-97351
Google Pixel 5,https://www.gadgets360.com/google-pixel-5-price-in-india-97343
Google Pixel 4a,https://www.gadgets360.com/google-pixel-4a-price-in-india-91765
Google Pixel 4 XL,https://www.gadgets360.com/google-pixel-4-xl-price-in-india-91151
Google Pixel 4,https://www.gadgets360.com/google-pixel-4-price-in-india-91150
Google Pixel 3a XL,https://www.gadgets360.com/google-pixel-3a-xl-price-in-india-13003
Google Pixel 3a,https://www.gadgets360.com/google-pixel-3a-5748
Google Pixel 3 XL,https://www.gadgets360.com/google-pixel-3-xl-5641
Google Pixel 3,https://www.gadgets360.com/google-pixel-3-5640
Google Pixel 2 XL,https://www.gadgets360.com/google-pixel-2-xl-4267
Google Pixel 2,https://www.gadgets360.com/google-pixel-2-4266
Google Pixel XL,https://www.gadgets360.com/google-pixel-xl-3812
Google Pixel,https://www.gadgets360.com/google-pixel-3811
Infinix Zero Flip 5G,https://www.gadgets360.com/infinix-zero-flip-5g-price-in-india-128452
Infinix Hot 50 5G,https://www.gadgets360.com/infinix-hot-50-5g-price-in-india-128128
Infinix Zero 40 5G,https://www.gadgets360.com/infinix-zero-40-5g-price-in-india-127969
Infinix Zero 40 4G,https://www.gadgets360.com/infinix-zero-40-4g-price-in-india-127968
Infinix Note 40 Pro+ Racing Edition,https://www.gadgets360.com/infinix-note-40-pro-plus-racing-edition-price-in-india-127839
Infinix Note 40X 5G,https://www.gadgets360.com/infinix-note-40x-price-in-india-127369
Infinix Note 40 5G,https://www.gadgets360.com/infinix-note-40-5g-price-in-india-126497
Infinix Note 40 Pro Racing Edition,https://www.gadgets360.com/infinix-note-40-pro-racing-edition-price-in-india-127838
Infinix GT 20 Pro,https://www.gadgets360.com/infinix-gt-20-pro-price-in-india-125669
Infinix Note 40 Pro 5G,https://www.gadgets360.com/infinix-note-40-pro-5g-price-in-india-124854
Infinix Note 40 Pro+ 5G,https://www.gadgets360.com/infinix-note-40-pro-plus-5g-price-in-india-124855
Infinix Note 40 Pro,https://www.gadgets360.com/infinix-note-40-pro-price-in-india-124853
Infinix Note 40,https://www.gadgets360.com/infinix-note-40-price-in-india-124852
Infinix Smart 8 Plus,https://www.gadgets360.com/infinix-smart-8-plus-price-in-india-124527
Infinix Note 40S 4G,https://www.gadgets360.com/infinix-note-40s-4g-price-in-india-126752
Infinix Smart 8 Pro,https://www.gadgets360.com/infinix-smart-8-pro-price-in-india-123847
Infinix Hot 40 Pro,https://www.gadgets360.com/infinix-hot-40-pro-price-in-india-123082
Infinix Hot 40,https://www.gadgets360.com/infinix-40-price-in-india-123081
Infinix Smart 8 HD,https://www.gadgets360.com/infinix-smart-8-hd-price-in-india-123066
Infinix Hot 40i,https://www.gadgets360.com/infinix-hot-40i-price-in-india-122737
Infinix Smart 8,https://www.gadgets360.com/infinix-smart-8-price-in-india-122446
Infinix Note 30 VIP Racing Edition,https://www.gadgets360.com/infinix-note-30-vip-racing-edition-price-in-india-121488
Infinix Zero 30 5G,https://www.gadgets360.com/infinix-zero-30-5g-price-in-india-121070
Infinix GT 10 Pro,https://www.gadgets360.com/infinix-gt-10-pro-price-in-india-119909
Infinix Hot 30 5G,https://www.gadgets360.com/infinix-hot-30-5g-price-in-india-119636
Infinix Note 30 VIP,https://www.gadgets360.com/infinix-note-30-vip-price-in-india-118158
Infinix Note 30 5G,https://www.gadgets360.com/infinix-note-30-5g-price-in-india-117699
Infinix Note 30,https://www.gadgets360.com/infinix-note-30-price-in-india-117697
Infinix Note 30 Pro,https://www.gadgets360.com/infinix-note-30-pro-price-in-india-117695
Infinix Note 30i,https://www.gadgets360.com/infinix-note-30i-price-in-india-117574
Infinix Smart 7 HD,https://www.gadgets360.com/infinix-smart-7-hd-price-in-india-117273
Infinix Hot 30i,https://www.gadgets360.com/infinix-hot-30i-price-in-india-116212
Infinix Smart 7,https://www.gadgets360.com/infinix-smart-7-price-in-india-116004
Infinix Zero 5G 2023 Turbo,https://www.gadgets360.com/infinix-zero-5g-2023-turbo-price-in-india-115767
Infinix Zero 5G 2023,https://www.gadgets360.com/infinix-zero-5g-2023-price-in-india-114201
Infinix Note 12i,https://www.gadgets360.com/infinix-note-12i-price-in-india-108649
Infinix Hot 20 Play,https://www.gadgets360.com/infinix-hot-20-play-price-in-india-114548
Infinix Hot 20S,https://www.gadgets360.com/infinix-hot-20s-price-in-india-114513
Infinix Hot 20 5G,https://www.gadgets360.com/infinix-hot-20-5g-price-in-india-113647
Infinix Zero Ultra 5G,https://www.gadgets360.com/infinix-zero-ultra-5g-price-in-india-113618
Infinix Note 12 (2023),https://www.gadgets360.com/infinix-note-12-2023-price-in-india-113470
Infinix Note 12i (2022),https://www.gadgets360.com/infinix-note-12i-2022-price-in-india-113530
Infinix Zero 20,https://www.gadgets360.com/infinix-zero-20-price-in-india-113469
Infinix Note 12 Pro 4G,https://www.gadgets360.com/infinix-note-12-pro-4g-price-in-india-112291
Infinix Hot 12 Pro,https://www.gadgets360.com/infinix-hot-12-pro-price-in-india-111753
Infinix Hot 12,https://www.gadgets360.com/infinix-hot-12-price-in-india-108109
Infinix Note 12 Pro 5G,https://www.gadgets360.com/infinix-note-12-pro-5g-price-in-india-111004
Infinix Note 12 5G,https://www.gadgets360.com/infinix-note-12-5g-price-in-india-111002
Lava Yuva 2 5G,https://www.gadgets360.com/lava-yuva-2-5g-price-in-india-130260
Lava Blaze Duo 5G,https://www.gadgets360.com/lava-blaze-duo-5g-price-in-india-129586
Lava Yuva 4,https://www.gadgets360.com/lava-yuva-4-price-in-india-129447
Lava Agni 3,https://www.gadgets360.com/lava-agni-3-price-in-india-128641
Lava Blaze 3 5G,https://www.gadgets360.com/lava-blaze-3-5g-price-in-india-128361
Lava Yuva Star 4G,https://www.gadgets360.com/lava-yuva-star-4g-price-in-india-127402
Lava Blaze X,https://www.gadgets360.com/lava-blaze-x-price-in-india-126913
Lava Yuva 5G,https://www.gadgets360.com/lava-yuva-5g-price-in-india-126210
Lava O2,https://www.gadgets360.com/lava-o2-price-in-india-125017
Lava Blaze Curve 5G,https://www.gadgets360.com/lava-blaze-curve-5g-price-in-india-124609
Lava Yuva 3,https://www.gadgets360.com/lava-yuva-3-price-in-india-123949
Lava Storm 5G,https://www.gadgets360.com/lava-storm-5g-price-in-india-123233
Lava Yuva 3 Pro,https://www.gadgets360.com/lava-yuva-3-pro-price-in-india-123149
Lava Blaze 2 5G,https://www.gadgets360.com/lava-lava-blaze-2-5g-price-in-india-122267
Lava Blaze Pro 5G,https://www.gadgets360.com/lava-blaze-pro-5g-price-in-india-121658
Lava Blaze 2 Pro,https://www.gadgets360.com/lava-blaze-2-pro-price-in-india-121371
Lava Yuva 2,https://www.gadgets360.com/lava-yuva-2-price-in-india-120322
Lava Agni 2 5G,https://www.gadgets360.com/lava-agni-2-5g-price-in-india-117548
Lava Blaze 2,https://www.gadgets360.com/lava-blaze-2-price-in-india-116830
Lava Yuva 2 Pro,https://www.gadgets360.com/lava-yuva-2-pro-price-in-india-115988
Lava X3 (2022),https://www.gadgets360.com/lava-x3-2022-price-in-india-114745
Lava Blaze NXT,https://www.gadgets360.com/lava-blaze-nxt-price-in-india-114432
Lava Blaze 5G,https://www.gadgets360.com/lava-blaze-5g-price-in-india-113563
Lava Yuva Pro,https://www.gadgets360.com/lava-yuva-pro-price-in-india-113699
Lava Blaze Pro,https://www.gadgets360.com/lava-blaze-pro-price-in-india-113214
Lava Blaze,https://www.gadgets360.com/lava-blaze-price-in-india-110952
Lava X2,https://www.gadgets360.com/lava-x2-price-in-india-106518
Lava Z3,https://www.gadgets360.com/lava-z3-price-in-india-106760
Lava Agni 5G,https://www.gadgets360.com/lava-agni-5g-price-in-india-104488
Lava Z2s,https://www.gadgets360.com/lava-z2s-price-in-india-103779
Lava Z2 Max,https://www.gadgets360.com/lava-z2-max-price-in-india-102425
Lava Z6,https://www.gadgets360.com/lava-z6-price-in-india-99019
Lava Z1,https://www.gadgets360.com/lava-z1-price-in-india-99018
Lava Z2,https://www.gadgets360.com/lava-z2-price-in-india-99016
Lava Z4,https://www.gadgets360.com/lava-z4-price-in-india-99015
Lava Pulse,https://www.gadgets360.com/lava-pulse-price-in-india-96604
Lava Z66,https://www.gadgets360.com/lava-z66-price-in-india-96362
Lava Z61 Pro,https://www.gadgets360.com/lava-z61-pro-price-in-india-95705
Lava Z53,https://www.gadgets360.com/lava-z53-price-in-india-91546
Lava BeU,https://www.gadgets360.com/lava-beu-price-in-india-98887
Lava Z71,https://www.gadgets360.com/lava-z71-price-in-india-91446
Lava Z41,https://www.gadgets360.com/lava-z41-price-in-india-91226
Lava A1200,https://www.gadgets360.com/lava-a1200-price-in-india-91183
Lava Z93,https://www.gadgets360.com/lava-z93-price-in-india-91021
Lava Z62,https://www.gadgets360.com/lava-z62-price-in-india-13138
Lava Z40,https://www.gadgets360.com/lava-z40-12230
Lava Z92,https://www.gadgets360.com/lava-z92-11981
Lava Z81,https://www.gadgets360.com/lava-z81-5726
Moto G Power 2025,https://www.gadgets360.com/moto-g-power-2025-price-in-india-130471
Moto G 2025,https://www.gadgets360.com/moto-g-2025-price-in-india-130470
Moto G05,https://www.gadgets360.com/moto-g05-price-in-india-130356
Moto G15 Power,https://www.gadgets360.com/moto-g15-power-price-in-india-129622
Moto G15,https://www.gadgets360.com/moto-g15-price-in-india-129621
Moto G35 5G,https://www.gadgets360.com/moto-g35-price-in-india-127976
Motorola G75 5G,https://www.gadgets360.com/g75-5g-price-in-india-128647
Motorola Razr 50,https://www.gadgets360.com/motorola-razr-50-price-in-india-126708
Motorola Edge 50 Neo,https://www.gadgets360.com/motorola-edge-50-neo-price-in-india-127979
Moto G55,https://www.gadgets360.com/moto-g55-price-in-india-127978
Moto G45 5G,https://www.gadgets360.com/moto-g45-5g-price-in-india-127736
Motorola Edge 50,https://www.gadgets360.com/motorola-edge-50-price-in-india-127271
Motorola Razr 50 Ultra,https://www.gadgets360.com/motorola-razr-50-ultra-price-in-india-126709
Motorola Edge 2024,https://www.gadgets360.com/motorola-edge-2024-price-in-india-126290
Motorola Edge 50 Ultra,https://www.gadgets360.com/motorola-edge-50-ultra-price-in-india-125404
Motorola Edge 50 Fusion,https://www.gadgets360.com/motorola-edge-50-fusion-price-in-india-125459
Moto G64 5G,https://www.gadgets360.com/moto-g64-5g-price-in-india-125339
Moto G04s,https://www.gadgets360.com/moto-g04s-price-in-india-125309
Motorola Edge 50 Pro,https://www.gadgets360.com/motorola-edge-50-pro-price-in-india-124939
Moto G 5G (2024),https://www.gadgets360.com/moto-g-5g-2024-price-in-india-124767
Moto G Power 5G (2024),https://www.gadgets360.com/moto-g-power-5g-price-in-india-124766
Motorola G24 Power,https://www.gadgets360.com/motorola-g24-power-price-in-india-123878
Moto G04,https://www.gadgets360.com/moto-g04-price-in-india-123794
Moto G24,https://www.gadgets360.com/moto-g24-price-in-india-123791
Moto G34 5G,https://www.gadgets360.com/moto-g34-5g-price-in-india-123251
Motorola Edge 2023,https://www.gadgets360.com/motorola-edge-2023-price-in-india-121920
Motorola Edge 40 Neo,https://www.gadgets360.com/motorola-edge-40-neo-price-in-india-121485
Motorola G54 5G,https://www.gadgets360.com/moto-g54-5g-price-in-india-121250
Motorola Moto G84 5G,https://www.gadgets360.com/moto-g84-5g-price-in-india-120975
Moto G14,https://www.gadgets360.com/moto-g14-price-in-india-120279
Motorola Razr 40 Ultra,https://www.gadgets360.com/razr-40-ultra-price-in-india-117943
Motorola Razr 40,https://www.gadgets360.com/motorola-razr-40-price-in-india-117921
Moto G Stylus 5G (2023),https://www.gadgets360.com/moto-g-stylus-5g-2023-price-in-india-117881
Motorola Edge 40,https://www.gadgets360.com/motorola-edge-40-price-in-india-117383
Motorola Edge+ (2023),https://www.gadgets360.com/motorola-edge-plus-2023-price-in-india-117345
Moto G Stylus (2023),https://www.gadgets360.com/moto-g-stylus-2023-price-in-india-117332
Motorola Moto G 5G (2023),https://www.gadgets360.com/motorola-moto-g-5g-2023-price-in-india-117331
Motorola Edge 40 Pro,https://www.gadgets360.com/motorola-edge-40-pro-price-in-india-116718
Moto G73 5G,https://www.gadgets360.com/motorola-moto-g73-5g-price-in-india-115542
Motorola Defy 2,https://www.gadgets360.com/motorola-defy-2-price-in-india-116036
Moto G23,https://www.gadgets360.com/moto-g23-price-in-india-115540
Moto G13,https://www.gadgets360.com/moto-g13-price-in-india-115539
Moto E13,https://www.gadgets360.com/moto-e13-price-in-india-115537
Moto G53 5G,https://www.gadgets360.com/moto-g53-5g-price-in-india-114761
Moto X40,https://www.gadgets360.com/moto-x40-price-in-india-114746
Moto G Play (2023),https://www.gadgets360.com/moto-g-play-2023-price-in-india-114665
Moto E22s,https://www.gadgets360.com/moto-e22s-price-in-india-113824
Motorola Moto G72,https://www.gadgets360.com/motorola-moto-g72-price-in-india-113490
Nothing Phone 2a Plus,https://www.gadgets360.com/nothing-phone-2a-plus-price-in-india-127353
Nothing Phone 2a Special Edition,https://www.gadgets360.com/nothing-nothing-phone-2a-special-edition-price-in-india-126186
Nothing Phone 2a,https://www.gadgets360.com/nothing-phone-2a-price-in-india-124428
Nothing Phone 2,https://www.gadgets360.com/nothing-phone-2-price-in-india-115756
Nothing Phone 1,https://www.gadgets360.com/nothing-phone-1-price-in-india-109963
Nothing Phone 3,https://www.gadgets360.com/nothing-phone-3-price-in-india-125117
OnePlus 13R,https://www.gadgets360.com/oneplus-13r-price-in-india-130363
OnePlus 13,https://www.gadgets360.com/oneplus-13-price-in-india-128828
OnePlus Ace 5,https://www.gadgets360.com/oneplus-ace-5-price-in-india-130252
OnePlus Ace 5 Pro,https://www.gadgets360.com/oneplus-ace-5-pro-price-in-india-130251
OnePlus Nord 4,https://www.gadgets360.com/oneplus-nord-4-price-in-india-126995
OnePlus Ace 3 Pro,https://www.gadgets360.com/oneplus-ace-3-pro-price-in-india-126710
OnePlus Nord CE 4 Lite 5G,https://www.gadgets360.com/oneplus-nord-ce-4-lite-5g-price-in-india-126560
OnePlus Nord CE 4,https://www.gadgets360.com/oneplus-nord-ce-4-price-in-india-125118
OnePlus Ace 3V,https://www.gadgets360.com/oneplus-ace-3v-price-in-india-124818
OnePlus Nord N30 SE,https://www.gadgets360.com/oneplus-nord-n30-se-price-in-india-123875
OnePlus 12,https://www.gadgets360.com/oneplus-12-price-in-india-122503
OnePlus Open,https://www.gadgets360.com/oneplus-open-price-in-india-121919
OnePlus Ace 2 Pro,https://www.gadgets360.com/oneplus-ace-2-pro-price-in-india-120599
OnePlus Nord CE 3 5G,https://www.gadgets360.com/oneplus-nord-ce-3-5g-price-in-india-119020
OnePlus Nord 3 5G,https://www.gadgets360.com/oneplus-nord-3-5g-price-in-india-110690
OnePlus Nord N30 5G,https://www.gadgets360.com/oneplus-nord-n30-5g-price-in-india-118001
OnePlus Nord CE 3 Lite 5G,https://www.gadgets360.com/oneplus-nord-ce-3-lite-5g-price-in-india-116580
OnePlus Ace 2V,https://www.gadgets360.com/oneplus-ace-2v-price-in-india-116150
OnePlus 12R Genshin Impact Edition,https://www.gadgets360.com/oneplus-12r-genshin-impact-edition-price-in-india-124517
OnePlus Ace 2,https://www.gadgets360.com/oneplus-ace-2-price-in-india-115801
OnePlus 11R,https://www.gadgets360.com/oneplus-11r-price-in-india-115579
OnePlus 11 5G,https://www.gadgets360.com/oneplus-11-5g-price-in-india-114905
OnePlus 12R,https://www.gadgets360.com/oneplus-12r-price-in-india-123476
OnePlus Ace 3,https://www.gadgets360.com/oneplus-ace-3-price-in-india-123435
OnePlus Nord N20 SE,https://www.gadgets360.com/oneplus-nord-n20-se-price-in-india-114374
OnePlus Nord N300 5G,https://www.gadgets360.com/oneplus-nord-n300-5g-price-in-india-113953
OnePlus Ace Pro,https://www.gadgets360.com/oneplus-ace-pro-price-in-india-111776
OnePlus 10T 5G,https://www.gadgets360.com/oneplus-10t-5g-price-in-india-111775
OnePlus Ace Racing Edition,https://www.gadgets360.com/oneplus-ace-racing-edition-price-in-india-108836
OnePlus Nord 2T 5G,https://www.gadgets360.com/oneplus-nord-2t-5g-price-in-india-106885
OnePlus 10R 5G Endurance Edition,https://www.gadgets360.com/oneplus-10r-5g-endurance-edition-price-in-india-108148
OnePlus 10R 5G,https://www.gadgets360.com/oneplus-10r-5g-price-in-india-107613
OnePlus Ace,https://www.gadgets360.com/oneplus-ace-price-in-india-107469
OnePlus Nord CE 2 Lite 5G,https://www.gadgets360.com/oneplus-nord-2-ce-lite-5g-price-in-india-105568
OnePlus Nord CE 2 5G,https://www.gadgets360.com/oneplus-nord-2-ce-5g-price-in-india-104811
OnePlus 10 Pro,https://www.gadgets360.com/oneplus-10-pro-price-in-india-104498
OnePlus Nord 2 x Pac-Man Edition,https://www.gadgets360.com/oneplus-nord-2-x-pac-man-edition-price-in-india-104553
OnePlus 9RT,https://www.gadgets360.com/oneplus-9rt-price-in-india-103968
OnePlus Nord 2,https://www.gadgets360.com/oneplus-nord-2-price-in-india-102697
OnePlus Nord N200 5G,https://www.gadgets360.com/oneplus-nord-n200-5g-price-in-india-102690
OnePlus Nord CE 5G,https://www.gadgets360.com/oneplus-nord-ce-5g-price-in-india-102616
OnePlus 9R,https://www.gadgets360.com/oneplus-9r-price-in-india-100487
OnePlus 9 Pro,https://www.gadgets360.com/oneplus-oneplus-9-pro-price-in-india-100444
OnePlus 9,https://www.gadgets360.com/oneplus-9-price-in-india-100436
OnePlus 8T Cyberpunk 2077 Limited Edition,https://www.gadgets360.com/oneplus-8t-cyberpunk-2077-limited-edition-price-in-india-98091
OnePlus Nord N10 5G,https://www.gadgets360.com/oneplus-nord-n10-5g-price-in-india-98027
OnePlus Nord N100,https://www.gadgets360.com/oneplus-nord-n100-price-in-india-98026
OnePlus 8T,https://www.gadgets360.com/oneplus-8t-price-in-india-97112
Oppo Reno 13F 4G,https://www.gadgets360.com/oppo-reno-13f-4g-price-in-india-130345
Oppo Reno 13F 5G,https://www.gadgets360.com/oppo-reno-13f-5g-price-in-india-130344
Oppo Reno 13 Pro,https://www.gadgets360.com/oppo-reno-13-pro-price-in-india-129420
Oppo A5 Pro 5G,https://www.gadgets360.com/oppo-a5-pro-5g-price-in-india-130109
Oppo Reno 13,https://www.gadgets360.com/oppo-reno-13-price-in-india-129418
Oppo A3x 4G,https://www.gadgets360.com/oppo-oppo-a3x-4g-price-in-india-129037
Oppo Find X8 Pro,https://www.gadgets360.com/oppo-find-x8-pro-price-in-india-129009
Oppo Find X8,https://www.gadgets360.com/oppo-find-x8-price-in-india-129008
Oppo K12 Plus,https://www.gadgets360.com/oppo-k12-plus-price-in-india-128843
Oppo F27 5G,https://www.gadgets360.com/oppo-f27-5g-price-in-india-127720
Oppo A3 5G,https://www.gadgets360.com/oppo-a3-5g-price-in-india-127701
Oppo A3X 5G,https://www.gadgets360.com/oppo-a3x-5g-price-in-india-127371
Oppo K12x 5G,https://www.gadgets360.com/oppo-k12x-5g-price-in-india-127155
Oppo A3 (2024),https://www.gadgets360.com/oppo-a3-2024-price-in-india-126877
Oppo Reno 12 Pro 5G,https://www.gadgets360.com/oppo-reno-12-pro-price-in-india-126086
Oppo Reno 12F 5G,https://www.gadgets360.com/oppo-reno-12f-5g-price-in-india-127016
Oppo F27 Pro+ 5G,https://www.gadgets360.com/oppo-f27-pro-plus-5g-price-in-india-126350
Oppo A3 Pro,https://www.gadgets360.com/oppo-a3-pro-price-in-india-125270
Oppo Reno 12,https://www.gadgets360.com/oppo-reno-12-price-in-india-126085
Oppo A60,https://www.gadgets360.com/oppo-a60-price-in-india-125668
Oppo K12,https://www.gadgets360.com/oppo-k12-price-in-india-125549
Oppo A1i,https://www.gadgets360.com/oppo-a1i-price-in-india-125437
Oppo A1s,https://www.gadgets360.com/oppo-a1s-price-in-india-125436
Oppo F25 Pro 5G,https://www.gadgets360.com/oppo-f25-pro-5g-price-in-india-124503
Oppo Reno 11F 5G,https://www.gadgets360.com/oppo-reno-11f-5g-price-in-india-123995
Oppo Find X7,https://www.gadgets360.com/oppo-find-x7-price-in-india-123504
Oppo Find X7 Ultra,https://www.gadgets360.com/oppo-find-x7-ultra-price-in-india-123502
Oppo Reno 11 Pro 5G,https://www.gadgets360.com/oppo-reno-11-pro-price-in-india-122639
Oppo A59 5G,https://www.gadgets360.com/oppo-a59-5g-price-in-india-123252
Oppo Reno 11 5G,https://www.gadgets360.com/oppo-reno-11-price-in-india-122641
Oppo A2,https://www.gadgets360.com/oppo-a2-price-in-india-122465
Oppo Find N3,https://www.gadgets360.com/oppo-find-n3-price-in-india-122078
Oppo A79 5G,https://www.gadgets360.com/oppo-a79-5g-price-in-india-122191
Oppo A18,https://www.gadgets360.com/oppo-a18-price-in-india-121713
Oppo A2 Pro,https://www.gadgets360.com/oppo-a2-pro-price-in-india-121399
Oppo A38,https://www.gadgets360.com/oppo-a38-price-in-india-121275
Oppo Find N3 Flip,https://www.gadgets360.com/oppo-find-n3-flip-price-in-india-120971
Oppo A58 4G,https://www.gadgets360.com/oppo-a58-4g-price-in-india-120466
Oppo A78,https://www.gadgets360.com/oppo-a78-4g-price-in-india-119473
Oppo K11 5G,https://www.gadgets360.com/oppo-k11-5g-price-in-india-120029
Oppo Reno 10 Pro+ 5G,https://www.gadgets360.com/oppo-reno-10-pro-plus-price-in-india-117642
Oppo Reno 10 Pro 5G,https://www.gadgets360.com/oppo-reno-10-pro-price-in-india-117606
Oppo Reno 9A,https://www.gadgets360.com/oppo-dealer-reno-9a-price-in-india-118203
Oppo K11x,https://www.gadgets360.com/oppo-k11x-price-in-india-117719
Oppo Reno 10 5G,https://www.gadgets360.com/oppo-reno-10-price-in-india-117588
Oppo F23 5G,https://www.gadgets360.com/oppo-f23-5g-price-in-india-117519
Oppo A1 5G,https://www.gadgets360.com/oppo-a1-5g-price-in-india-116889
Oppo A1x 5G,https://www.gadgets360.com/oppo-a1x-5g-price-in-india-116660
Poco X7 Pro 5G,https://www.gadgets360.com/poco-x7-pro-5g-price-in-india-130412
Poco X7 5G,https://www.gadgets360.com/poco-x7-5g-price-in-india-130411
Poco M7 Pro 5G,https://www.gadgets360.com/poco-m7-pro-5g-price-in-india-129611
Poco C75 5G,https://www.gadgets360.com/poco-c75-5g-price-in-india-129610
Poco C75,https://www.gadgets360.com/poco-c75-price-in-india-129038
Poco M6 Plus 5G,https://www.gadgets360.com/poco-m6-plus-5g-price-in-india-127365
Poco M6 4G,https://www.gadgets360.com/poco-m6-4g-price-in-india-126368
Poco F6 Pro,https://www.gadgets360.com/poco-f6-pro-price-in-india-125988
Poco F6 5G,https://www.gadgets360.com/poco-f6-5g-price-in-india-125882
Poco C61,https://www.gadgets360.com/poco-c61-price-in-india-125026
Poco X6 Neo 5G,https://www.gadgets360.com/poco-x6-neo-5g-price-in-india-124738
Poco M6 Pro 4G,https://www.gadgets360.com/poco-m6-pro-4g-price-in-india-123601
Poco X6,https://www.gadgets360.com/poco-x6-price-in-india-123595
Poco X6 Pro,https://www.gadgets360.com/poco-x6-pro-price-in-india-123594
Poco M6 5G,https://www.gadgets360.com/poco-m6-5g-price-in-india-123257
Poco C65,https://www.gadgets360.com/poco-c65-price-in-india-122308
Poco M6 Pro 5G,https://www.gadgets360.com/poco-m6-pro-5g-price-in-india-120457
Poco F5 Pro 5G,https://www.gadgets360.com/poco-f5-pro-5g-price-in-india-117405
Poco F5 5G,https://www.gadgets360.com/poco-f5-5g-price-in-india-117404
Poco C51,https://www.gadgets360.com/poco-c51-price-in-india-116708
Poco X5,https://www.gadgets360.com/poco-x5-price-in-india-115771
Poco C55,https://www.gadgets360.com/poco-c55-price-in-india-115974
Poco X5 Pro,https://www.gadgets360.com/poco-x5-pro-price-in-india-115578
Poco C50,https://www.gadgets360.com/poco-c50-price-in-india-115072
Poco M5,https://www.gadgets360.com/poco-m5-price-in-india-112781
Poco X4 GT,https://www.gadgets360.com/poco-x4-gt-price-in-india-110343
Poco C40,https://www.gadgets360.com/poco-c40-price-in-india-110159
Poco M4 5G,https://www.gadgets360.com/poco-m4-5g-price-in-india-108011
Poco F4 GT,https://www.gadgets360.com/poco-f4-gt-price-in-india-107961
Poco X4 Pro 5G,https://www.gadgets360.com/poco-x4-pro-5g-price-in-india-106350
Poco M4 Pro,https://www.gadgets360.com/poco-m4-pro-price-in-india-106324
Poco M4 Pro 5G,https://www.gadgets360.com/m4-pro-5g-price-in-india-104393
Poco C31,https://www.gadgets360.com/poco-c31-price-in-india-104144
Poco X3 GT,https://www.gadgets360.com/poco-x3-gt-price-in-india-102622
Poco F3 GT,https://www.gadgets360.com/poco-f3-gt-price-in-india-101789
Poco F4 5G,https://www.gadgets360.com/poco-f4-5g-price-in-india-109826
Poco M3 Pro 5G,https://www.gadgets360.com/poco-m3-pro-5g-price-in-india-102441
Poco M2 Reloaded,https://www.gadgets360.com/poco-m2-reloaded-price-in-india-101369
Poco X3 Pro,https://www.gadgets360.com/poco-x3-pro-price-in-india-100518
Poco F3,https://www.gadgets360.com/poco-f3-price-in-india-100479
Poco M3,https://www.gadgets360.com/poco-m3-price-in-india-98526
Poco C3,https://www.gadgets360.com/poco-c3-price-in-india-97593
Poco X3,https://www.gadgets360.com/poco-poco-x3-price-in-india-97272
Poco M2,https://www.gadgets360.com/poco-m2-price-in-india-96921
Poco X3 NFC,https://www.gadgets360.com/poco-x3-nfc-price-in-india-96913
Poco M2 Pro,https://www.gadgets360.com/poco-m2-pro-price-in-india-95298
Poco F2 Pro,https://www.gadgets360.com/poco-f2-pro-price-in-india-92092
Poco X2,https://www.gadgets360.com/poco-x2-price-in-india-91470
Realme Neo 7,https://www.gadgets360.com/realme-neo-7-price-in-india-129554
Realme 14 Pro 5G,https://www.gadgets360.com/14-pro-5g-price-in-india-130512
Realme 14 Pro+ 5G,https://www.gadgets360.com/realme-14-pro-plus-5g-price-in-india-130502
Realme 14x 5G,https://www.gadgets360.com/realme-14x-5g-price-in-india-129618
Realme Note 60x,https://www.gadgets360.com/realme-note-60x-price-in-india-129483
Realme V60 Pro,https://www.gadgets360.com/realme-v60-pro-price-in-india-129462
Realme GT 7 Pro,https://www.gadgets360.com/realme-gt-7-pro-price-in-india-129030
Realme P1 Speed 5G,https://www.gadgets360.com/realme-p1-speed-5g-price-in-india-128894
Realme P2 Pro 5G,https://www.gadgets360.com/realme-p2-pro-5g-price-in-india-128313
Realme Narzo 70 Turbo 5G,https://www.gadgets360.com/realme-narzo-70-turbo-5g-price-in-india-128214
Realme Note 60,https://www.gadgets360.com/realme-note-60-price-in-india-128001
Realme 13+ 5G,https://www.gadgets360.com/realme-13-plus-5g-price-in-india-127939
Realme 13 5G,https://www.gadgets360.com/realme-13-5g-price-in-india-127938
Realme 13 Pro Extreme Edition,https://www.gadgets360.com/realme-13-pro-extreme-edition-price-in-india-127849
Realme C63 5G,https://www.gadgets360.com/realme-c63-5g-price-in-india-127594
Realme 13 4G,https://www.gadgets360.com/realme-13-4g-price-in-india-127420
Realme Narzo N61,https://www.gadgets360.com/realme-narzo-n61-price-in-india-127320
Realme 13 Pro+ 5G,https://www.gadgets360.com/realme-13-pro-plus-5g-price-in-india-127208
Realme 13 Pro 5G,https://www.gadgets360.com/realme-13-pro-5g-price-in-india-127207
Realme C63,https://www.gadgets360.com/realme-c63-price-in-india-126762
Realme C61,https://www.gadgets360.com/realme-c61-price-in-india-126718
Realme V60s,https://www.gadgets360.com/realme-v60s-price-in-india-126665
Realme V60,https://www.gadgets360.com/realme-v60-price-in-india-126664
Realme GT 6,https://www.gadgets360.com/realme-gt-6-price-in-india-126393
Realme Narzo N63,https://www.gadgets360.com/realme-narzo-n63-price-in-india-126291
Realme Narzo N65 5G,https://www.gadgets360.com/realme-narzo-n65-5g-price-in-india-126071
Realme GT 6T,https://www.gadgets360.com/realme-gt-6t-price-in-india-125875
Realme GT Neo 6,https://www.gadgets360.com/realme-realme-gt-neo-6-price-in-india-125834
Realme C65 5G,https://www.gadgets360.com/realme-c65-5g-price-in-india-125644
Realme Narzo 70x 5G,https://www.gadgets360.com/realme-narzo-70x-5g-price-in-india-125597
Realme Narzo 70 5G,https://www.gadgets360.com/realme-realme-narzo-70-price-in-india-125595
Realme P1 5G,https://www.gadgets360.com/realme-p1-5g-price-in-india-125289
Realme P1 Pro 5G,https://www.gadgets360.com/realme-p1-pro-5g-price-in-india-125288
Realme GT Neo 6 SE,https://www.gadgets360.com/realme-gt-neo-6-se-price-in-india-125134
Realme C65,https://www.gadgets360.com/realme-c65-price-in-india-125072
Realme 12X,https://www.gadgets360.com/realme-12x-price-in-india-124989
Realme Narzo 70 Pro 5G,https://www.gadgets360.com/realme-narzo-70-pro-5g-price-in-india-124737
Realme 12 5G,https://www.gadgets360.com/realme-12-5g-price-in-india-124499
Realme 12+ 5G,https://www.gadgets360.com/realme-12-plus-5g-price-in-india-124331
Realme 12 Pro+ 5G,https://www.gadgets360.com/realme-12-pro-plus-5g-price-in-india-123849
Realme 12 Pro 5G,https://www.gadgets360.com/realme-12-pro-5g-price-in-india-123848
Realme Note 50,https://www.gadgets360.com/realme-note-50-price-in-india-123803
C67 4G,https://www.gadgets360.com/realme-c67-4g-price-in-india-123217
Realme C67 5G,https://www.gadgets360.com/realme-c67-5g-price-in-india-123146
Realme GT 5 Pro,https://www.gadgets360.com/realme-gt-5-pro-price-in-india-122951
Realme Narzo 60x 5G,https://www.gadgets360.com/realme-narzo-60x-price-in-india-121251
Realme C51,https://www.gadgets360.com/realme-c51-price-in-india-119946
Realme GT 5 (240W),https://www.gadgets360.com/realme-gt-5-240w-price-in-india-121040
Redmi Turbo 4,https://www.gadgets360.com/redmi-turbo-4-price-in-india-130306
Redmi K80 Pro,https://www.gadgets360.com/redmi-k80-pro-price-in-india-129459
Redmi K80,https://www.gadgets360.com/redmi-k80-price-in-india-129451
Redmi A4 5G,https://www.gadgets360.com/redmi-a4-5g-price-in-india-128893
Redmi A3 Pro,https://www.gadgets360.com/redmi-a3-pro-price-in-india-129063
Redmi Note 14 Pro+ 5G,https://www.gadgets360.com/redmi-note-14-pro-plus-price-in-india-128604
Redmi Note 14 Pro 5G,https://www.gadgets360.com/redmi-note-14-pro-price-in-india-128603
Redmi Note 14 5G,https://www.gadgets360.com/redmi-note-14-5g-price-in-india-128564
Redmi Redmi 14R 5G,https://www.gadgets360.com/redmi-redmi-14r-price-in-india-128340
Redmi 14C,https://www.gadgets360.com/redmi-14c-price-in-india-128011
Redmi 13 5G,https://www.gadgets360.com/redmi-13-5g-price-in-india-126646
Redmi 13 4G,https://www.gadgets360.com/redmi-13-4g-price-in-india-126260
Redmi A3x,https://www.gadgets360.com/redmi-a3x-price-in-india-126116
Redmi Turbo 3,https://www.gadgets360.com/redmi-turbo-3-price-in-india-125271
Redmi A3,https://www.gadgets360.com/redmi-a3-price-in-india-124180
Redmi 13R 5G,https://www.gadgets360.com/redmi-13r-5g-price-in-india-123070
Redmi Note 13R Pro,https://www.gadgets360.com/redmi-note-13r-pro-price-in-india-122577
Redmi K60 Ultra,https://www.gadgets360.com/redmi-k60-ultra-price-in-india-120789
Redmi Note 12S,https://www.gadgets360.com/redmi-note-12s-price-in-india-117437
Redmi Note 12R Pro,https://www.gadgets360.com/redmi-note-12r-pro-price-in-india-117285
Redmi Note 12 Turbo,https://www.gadgets360.com/redmi-note-12-turbo-price-in-india-116618
Redmi K60E,https://www.gadgets360.com/redmi-k60e-price-in-india-114960
Redmi K60,https://www.gadgets360.com/redmi-k60-price-in-india-114959
Redmi K60 Pro,https://www.gadgets360.com/redmi-k60-pro-price-in-india-114957
Redmi 11 Prime 5G,https://www.gadgets360.com/redmi-11-prime-5g-price-in-india-112789
Redmi 11 Prime,https://www.gadgets360.com/redmi-11-prime-price-in-india-112788
Redmi A1,https://www.gadgets360.com/redmi-a1-price-in-india-112749
Redmi K50 Ultra,https://www.gadgets360.com/redmi-k50-ultra-price-in-india-112127
Samsung Galaxy Z Fold Special Edition,https://www.gadgets360.com/samsung-galaxy-z-fold-6-special-edition-price-in-india-128946
Samsung Galaxy A16 5G,https://www.gadgets360.com/samsung-galaxy-a16-5g-price-in-india-128659
Samsung Galaxy S24 FE,https://www.gadgets360.com/samsung-galaxy-s24-fe-price-in-india-128565
Samsung Galaxy M15 5G Prime Edition,https://www.gadgets360.com/samsung-galaxy-m15-5g-prime-edition-price-in-india-128541
Samsung Galaxy M55s,https://www.gadgets360.com/samsung-galaxy-m55s-price-in-india-128424
Samsung Galaxy F05,https://www.gadgets360.com/samsung-galaxy-f05-price-in-india-128390
Samsung Galaxy Quantum 5,https://www.gadgets360.com/samsung-galaxy-quantum-5-price-in-india-128110
Samsung Galaxy A06,https://www.gadgets360.com/samsung-galaxy-a06-price-in-india-127700
Samsung Galaxy F14,https://www.gadgets360.com/samsung-galaxy-f14-price-in-india-127380
Samsung Galaxy M35 5G,https://www.gadgets360.com/samsung-galaxy-m35-5g-price-in-india-126165
Samsung Galaxy F55 5G,https://www.gadgets360.com/samsung-galaxy-f55-5g-price-in-india-126124
Samsung Galaxy C55,https://www.gadgets360.com/samsung-galaxy-c55-price-in-india-125565
Samsung Galaxy M55 5G,https://www.gadgets360.com/samsung-galaxy-m55-5g-price-in-india-125073
Samsung Galaxy A55 5G,https://www.gadgets360.com/samsung-galaxy-a55-5g-price-in-india-124702
Samsung Galaxy A35 5G,https://www.gadgets360.com/samsung-galaxy-a35-5g-price-in-india-124701
Samsung Galaxy M15 5G,https://www.gadgets360.com/samsung-galaxy-m15-5g-price-in-india-124690
Samsung Galaxy M14 4G,https://www.gadgets360.com/samsung-galaxy-m14-4g-price-in-india-124646
Samsung Galaxy F15 5G,https://www.gadgets360.com/samsung-galaxy-f15-5g-price-in-india-124600
Samsung Galaxy XCover 7,https://www.gadgets360.com/samsung-galaxy-xcover-7-price-in-india-123567
Samsung Galaxy S24 Ultra,https://www.gadgets360.com/samsung-galaxy-s24-ultra-price-in-india-123382
Samsung Galaxy S24+,https://www.gadgets360.com/samsung-galaxy-s24-plus-price-in-india-123381
Samsung Galaxy S24,https://www.gadgets360.com/samsung-galaxy-s24-price-in-india-123380
Samsung Galaxy A15 5G,https://www.gadgets360.com/samsung-galaxy-a15-5g-price-in-india-123126
Samsung Galaxy A15 4G,https://www.gadgets360.com/samsung-galaxy-a15-4g-price-in-india-123125
Samsung Galaxy A25 5G,https://www.gadgets360.com/samsung-galaxy-a25-5g-price-in-india-123124
Samsung Galaxy A05s,https://www.gadgets360.com/samsung-galaxy-a05s-price-in-india-121993
Samsung Galaxy A05,https://www.gadgets360.com/samsung-galaxy-a05-price-in-india-121992
Samsung Galaxy S23 FE,https://www.gadgets360.com/samsung-galaxy-s23-fe-price-in-india-116692
Samsung Galaxy F34 5G,https://www.gadgets360.com/samsung-galaxy-f34-5g-price-in-india-120463
Samsung Galaxy Z Flip6,https://www.gadgets360.com/samsung-galaxy-z-flip-6-price-in-india-126924
Samsung Galaxy Z Fold6,https://www.gadgets360.com/samsung-galaxy-z-fold-6-price-in-india-126923
Samsung Galaxy Z Fold 5,https://www.gadgets360.com/samsung-galaxy-z-fold-5-price-in-india-119479
Samsung Galaxy Z Flip 5,https://www.gadgets360.com/samsung-galaxy-z-flip-5-price-in-india-119478
Samsung Galaxy S21 FE 5G (2023),https://www.gadgets360.com/samsung-galaxy-s21-fe-5g-2023-price-in-india-119472
Samsung Galaxy M34 5G,https://www.gadgets360.com/samsung-galaxy-m34-price-in-india-110689
Samsung Galaxy F54 5G,https://www.gadgets360.com/samsung-galaxy-f54-5g-price-in-india-117587
Samsung Galaxy XCover 6 Pro Tactical Edition,https://www.gadgets360.com/samsung-galaxy-xcover-6-pro-tactical-edition-price-in-india-117571
Samsung Galaxy S23 Tactical Edition,https://www.gadgets360.com/samsung-galaxy-s23-tactical-edition-price-in-india-117570
Samsung Galaxy A24,https://www.gadgets360.com/samsung-galaxy-a24-price-in-india-117052
Samsung Galaxy M54 5G,https://www.gadgets360.com/samsung-galaxy-m54-5g-price-in-india-116467
Samsung Galaxy F14 5G,https://www.gadgets360.com/samsung-galaxy-f14-5g-price-in-india-116330
Samsung Galaxy A34 5G,https://www.gadgets360.com/samsung-galaxy-a34-5g-price-in-india-116240
Samsung Galaxy A54 5G,https://www.gadgets360.com/samsung-galaxy-a54-5g-price-in-india-116239
Samsung Galaxy M14 5G,https://www.gadgets360.com/samsung-galaxy-m14-5g-price-in-india-116153
Samsung Galaxy A14 4G,https://www.gadgets360.com/samsung-galaxy-a14-4g-price-in-india-116040
Samsung Galaxy S23 Ultra,https://www.gadgets360.com/samsung-galaxy-s23-ultra-price-in-india-115582
Samsung Galaxy S23+,https://www.gadgets360.com/samsung-galaxy-s23-plus-price-in-india-115581
Samsung Galaxy S23,https://www.gadgets360.com/samsung-galaxy-s23-price-in-india-115580
Vivo Y200+,https://www.gadgets360.com/vivo-y200-plus-price-in-india-130279
Vivo Y29 5G,https://www.gadgets360.com/vivo-y29-5g-price-in-india-129898
Vivo Y300 (China),https://www.gadgets360.com/vivo-y300-china-price-in-india-129595
Vivo S18e,https://www.gadgets360.com/vivo-s18e-price-in-india-123174
Vivo S18,https://www.gadgets360.com/vivo-s18-price-in-india-122956
Vivo Y300 5G,https://www.gadgets360.com/vivo-y300-5g-price-in-india-129360
Vivo Y19s,https://www.gadgets360.com/vivo-y19s-price-in-india-128902
Vivo Y300 Plus,https://www.gadgets360.com/y300-plus-price-in-india-128892
Vivo X200 Pro mini,https://www.gadgets360.com/vivo-x200-pro-mini-price-in-india-128861
Vivo X200 Pro,https://www.gadgets360.com/vivo-x200-pro-price-in-india-128860
Vivo X200,https://www.gadgets360.com/vivo-x200-price-in-india-128859
Vivo V40 Lite 4G,https://www.gadgets360.com/vivo-v40-lite-4g-price-in-india-128547
Vivo V40 Lite 5G,https://www.gadgets360.com/vivo-v40-lite-5g-price-in-india-128546
Vivo V40e,https://www.gadgets360.com/vivo-v40e-price-in-india-128509
Vivo T3 Ultra,https://www.gadgets360.com/vivo-t3-ultra-price-in-india-128290
Vivo T3 Pro 5G,https://www.gadgets360.com/vivo-t3-pro-5g-price-in-india-127850
Vivo Y18i,https://www.gadgets360.com/vivo-y18i-price-in-india-127837
Vivo V40 Pro,https://www.gadgets360.com/vivo-v40-pro-price-in-india-127412
Vivo V40,https://www.gadgets360.com/vivo-v40-price-in-india-127411
Vivo V40 SE 4G,https://www.gadgets360.com/vivo-v40-se-4g-price-in-india-127253
Vivo Y28e 5G,https://www.gadgets360.com/vivo-y28e-price-in-india-126878
Vivo T3 Lite 5G,https://www.gadgets360.com/vivo-t3-lite-5g-price-in-india-126732
Vivo Y28s 5G,https://www.gadgets360.com/vivo-y28s-5g-price-in-india-126727
Vivo Y58 5G,https://www.gadgets360.com/vivo-y58-price-in-india-126660
Vivo S19 Pro,https://www.gadgets360.com/vivo-s19-pro-price-in-india-126233
Vivo S19,https://www.gadgets360.com/vivo-s19-price-in-india-126232
Vivo Y200t,https://www.gadgets360.com/vivo-y200t-price-in-india-126063
Vivo Y200 (Chinese),https://www.gadgets360.com/vivo-y200-chinese-price-in-india-126060
Vivo Y200 Pro 5G,https://www.gadgets360.com/vivo-y200-pro-5g-price-in-india-126016
Vivo V Y200 GT,https://www.gadgets360.com/vivo-v-y200-gt-price-in-india-126014
Vivo X100 Ultra,https://www.gadgets360.com/vivo-x100-ultra-price-in-india-125894
Vivo X100s Pro,https://www.gadgets360.com/vivo-x100s-pro-price-in-india-125886
Vivo X100s,https://www.gadgets360.com/vivo-x100s-price-in-india-125885
Vivo Y18e,https://www.gadgets360.com/vivo-y18e-price-in-india-125768
Vivo Y18,https://www.gadgets360.com/vivo-y18-price-in-india-125767
Vivo Y38 5G,https://www.gadgets360.com/vivo-y38-5g-price-in-india-125750
Vivo V30e,https://www.gadgets360.com/vivo-v30e-price-in-india-125518
Vivo Y200i,https://www.gadgets360.com/vivo-y200i-price-in-india-125535
Vivo T3x 5G,https://www.gadgets360.com/vivo-t3x-5g-price-in-india-125296
Vivo V30 Lite 4G,https://www.gadgets360.com/vivo-v30-lite-4g-price-in-india-125269
Vivo V40 SE 5G,https://www.gadgets360.com/vivo-v40-se-5g-price-in-india-125071
Vivo X Fold 3 Pro,https://www.gadgets360.com/vivo-x-fold-3-pro-price-in-india-124823
Vivo X Fold 3,https://www.gadgets360.com/vivo-x-fold-3-price-in-india-124820
Vivo T3 5G,https://www.gadgets360.com/vivo-t3-5g-price-in-india-124816
Vivo Y03,https://www.gadgets360.com/vivo-y03-price-in-india-124734
Vivo V30 Pro,https://www.gadgets360.com/vivo-v30-pro-price-in-india-124483
Vivo Y100t,https://www.gadgets360.com/vivo-y100t-price-in-india-124427
Vivo Y200e 5G,https://www.gadgets360.com/vivo-y200e-5g-price-in-india-124369
Xiaomi 15,https://www.gadgets360.com/xiaomi-15-price-in-india-129073
Xiaomi 15 Pro,https://www.gadgets360.com/xiaomi-15-pro-price-in-india-129072
Xiaomi 14T,https://www.gadgets360.com/xiaomi-14t-price-in-india-128567
Xiaomi 14T Pro,https://www.gadgets360.com/xiaomi-14t-pro-price-in-india-128566
Xiaomi Mix Fold 4,https://www.gadgets360.com/xiaomi-mix-fold-4-price-in-india-127149
Redmi K70 Extreme Edition,https://www.gadgets360.com/redmi-k70-extreme-edition-price-in-india-127146
Xiaomi Mix Flip,https://www.gadgets360.com/xiaomi-mix-flip-price-in-india-127136
Xiaomi 14 Civi,https://www.gadgets360.com/xiaomi-14-civi-price-in-india-126369
Redmi Note 13R,https://www.gadgets360.com/redmi-note-13r-price-in-india-126065
Redmi Note 13 Pro+ 5G World Champions Edition,https://www.gadgets360.com/redmi-note-13-pro-plus-5g-world-champions-edition-price-in-india-125698
Xiaomi Civi 4 Pro,https://www.gadgets360.com/xiaomi-civi-4-pro-price-in-india-124861
Xiaomi 14 Ultra,https://www.gadgets360.com/xiaomi-14-ultra-price-in-india-124403
Redmi Note 13 Pro+ 5G,https://www.gadgets360.com/redmi-note-13-pro-plus-price-in-india-121519
Redmi Note 13 5G,https://www.gadgets360.com/redmi-note-13-price-in-india-121360
Redmi Note 13 Pro 5G,https://www.gadgets360.com/redmi-note-13-pro-price-in-india-121359
Redmi 13C 5G,https://www.gadgets360.com/redmi-13c-5g-price-in-india-122978
Redmi K70E,https://www.gadgets360.com/redmi-k70e-price-in-india-122767
Redmi K70,https://www.gadgets360.com/redmi-k70-price-in-india-122764
Redmi K70 Pro,https://www.gadgets360.com/redmi-k70-pro-price-in-india-122763
Redmi 13C,https://www.gadgets360.com/redmi-13c-price-in-india-122434
Xiaomi 14 Pro,https://www.gadgets360.com/xiaomi-14-pro-price-in-india-122175
Xiaomi 14,https://www.gadgets360.com/xiaomi-14-price-in-india-122174
Xiaomi 13T Pro,https://www.gadgets360.com/xiaomi-13t-pro-price-in-india-121279
Xiaomi 13T,https://www.gadgets360.com/xiaomi-13t-price-in-india-121278
Xiaomi Mix Fold 3,https://www.gadgets360.com/xiaomi-mix-fold-3-price-in-india-120757
Redmi 12 5G,https://www.gadgets360.com/redmi-12-5g-price-in-india-120276
Redmi 12,https://www.gadgets360.com/redmi-12-price-in-india-118273
Redmi Note 12R,https://www.gadgets360.com/redmi-note-12r-price-in-india-118890
Xiaomi Civi 3 Disney 100th Anniversary Edition,https://www.gadgets360.com/xiaomi-civi-3-disney-100th-anniversary-edition-price-in-india-118093
Redmi Note 12T Pro,https://www.gadgets360.com/redmi-note-12t-pro-price-in-india-117853
Xiaomi Civi 3,https://www.gadgets360.com/xiaomi-civi-3-price-in-india-117690
Redmi A2,https://www.gadgets360.com/redmi-a2-price-in-india-116546
Redmi A2+,https://www.gadgets360.com/redmi-a2-plus-price-in-india-116545
Xiaomi 13 Ultra,https://www.gadgets360.com/xiaomi-13-ultra-price-in-india-116864
Redmi Note 12 Pro 4G,https://www.gadgets360.com/redmi-note-12-pro-4g-price-in-india-116693
Xiaomi Redmi Note 12 4G,https://www.gadgets360.com/xiaomi-redmi-note-12-4g-price-in-india-116524
Redmi Note 12 5G,https://www.gadgets360.com/redmi-note-12-price-in-india-114008
Redmi Note 12 Pro+ 5G,https://www.gadgets360.com/redmi-note-12-pro-plus-price-in-india-107931
Redmi Note 12 Pro 5G,https://www.gadgets360.com/redmi-note-12-pro-price-in-india-107921
Redmi 12C,https://www.gadgets360.com/redmi-12c-price-in-india-115048
Redmi Note 12 Pro Speed Edition,https://www.gadgets360.com/redmi-note-12-pro-speed-edition-price-in-india-114958
Redmi K60 Pro,https://www.gadgets360.com/redmi-k60-pro-price-in-india-114923
Redmi K60,https://www.gadgets360.com/redmi-k60-price-in-india-114922
Xiaomi 13 Pro,https://www.gadgets360.com/xiaomi-13-pro-price-in-india-114465
Xiaomi 13,https://www.gadgets360.com/xiaomi-13-price-in-india-114464
Redmi Note 12 Discovery Edition,https://www.gadgets360.com/redmi-note-12-discovery-edition-price-in-india-114032
Redmi A1+,https://www.gadgets360.com/redmi-a1-plus-price-in-india-113802
Xiaomi 12T Pro,https://www.gadgets360.com/xiaomi-12t-pro-price-in-india-113598
